timestamp,site,TWB_C,wet_bulb_depression,wind_speed_rate,crowd_factor,crowd01,hour,diurnal_factor,wind_eff,wind_cool_factor,dust_penalty_c,stagnant_penalty_c,crowd_penalty_c,twb_eff_mean,risk_mean,risk_p95,pct_high,pct_extreme,alert_color,alert_action
2025-06-02 00:00:00,HARAM,18.434084752616336,13.015915247383665,2.8,3.0,1.0,0,1.09,1.4,0.9578545714369298,0.02422055358956037,0.021277594861492694,1.2,20.125155788246186,19.276972472651998,20.78679586005749,0.10714285714285714,0.03571428571428571,GREEN,Normal operations
2025-06-02 00:00:00,MINA,18.434084752616336,13.015915247383665,2.8,1.1100411418621958,0.05502057093109791,0,1.09,2.722971200696463,0.9437806407727992,0.02422055358956037,0.00010998507921189475,0.06602468511731749,19.51625064299629,18.41905953732959,20.110284002974627,0.1111111111111111,0.044444444444444446,GREEN,Normal operations
2025-06-02 00:00:00,ARAFAT,18.434084752616336,13.015915247383665,2.8,1.0,0.0,0,1.09,2.8,0.9431156945477233,0.02422055358956037,8.082335512621832e-05,0.0,21.742434304386705,20.505631030139917,21.544050584880647,0.10638297872340426,0.0425531914893617,GREEN,Normal operations
2025-06-02 00:00:00,MUZDALIFAH,18.434084752616336,13.015915247383665,2.8,1.0,0.0,0,1.09,2.8,0.9431156945477233,0.02422055358956037,8.082335512621832e-05,0.0,21.2184614163317,20.011463975897737,21.611847791170586,0.1111111111111111,0.037037037037037035,GREEN,Normal operations
2025-06-02 03:00:00,HARAM,16.016584976514388,14.933415023485614,1.5,3.0,1.0,3,0.9534125718815463,0.75,0.9681930262786094,0.010362982024556697,0.2151531370959961,1.2,17.83183943721826,17.264662588834604,18.599544655586424,0.10714285714285714,0.03571428571428571,GREEN,Normal operations
2025-06-02 03:00:00,MINA,16.016584976514388,14.933415023485614,1.5,1.128166642230867,0.06408332111543347,3,0.9534125718815463,1.4519375091634248,0.9571694664432563,0.010362982024556697,0.017372811280471624,0.07689998533852016,16.988748056494455,16.261110912773706,17.76139464631656,0.1111111111111111,0.044444444444444446,GREEN,Normal operations
2025-06-02 03:00:00,ARAFAT,16.016584976514388,14.933415023485614,1.5,1.0,0.0,3,0.9534125718815463,1.5,0.9565488954649495,0.010362982024556697,0.014388967969673247,0.0,18.913862446273253,18.092034231958667,19.01326712594865,0.10638297872340426,0.0425531914893617,GREEN,Normal operations
2025-06-02 03:00:00,MUZDALIFAH,16.016584976514388,14.933415023485614,1.5,1.0,0.0,3,0.9534125718815463,1.5,0.9565488954649495,0.010362982024556697,0.014388967969673247,0.0,18.457531776564753,17.655531633882216,19.073413351306,0.1111111111111111,0.037037037037037035,GREEN,Normal operations
2025-06-02 06:00:00,HARAM,15.523192043982593,14.576807956017408,3.05,3.0,1.0,6,0.844115427318801,1.525,0.9562309850988185,0.028456951418108934,0.013041999497152757,1.2,17.109750580276387,16.360873652172767,17.528125913557467,0.10714285714285714,0.03571428571428571,GREEN,Normal operations
2025-06-02 06:00:00,MINA,15.523192043982593,14.576807956017408,3.05,1.1375514273277447,0.06877571366387236,6,0.844115427318801,2.9451170366625945,0.9418954474237003,0.028456951418108934,4.523369692517924e-05,0.08253085639664683,16.40230094297246,15.44925258545923,16.75635081205094,0.1111111111111111,0.044444444444444446,GREEN,Normal operations
2025-06-02 06:00:00,ARAFAT,15.523192043982593,14.576807956017408,3.05,1.0,0.0,6,0.844115427318801,3.05,0.9410384266408586,0.028456951418108934,2.9735149682311575e-05,0.0,18.094904169475623,17.02800014986045,17.83039952786945,0.10638297872340426,0.0425531914893617,GREEN,Normal operations
2025-06-02 06:00:00,MUZDALIFAH,15.523192043982593,14.576807956017408,3.05,1.0,0.0,6,0.844115427318801,3.05,0.9410384266408586,0.028456951418108934,2.9735149682311575e-05,0.0,17.690886255699333,16.647803767945692,17.882787251029555,0.1111111111111111,0.037037037037037035,GREEN,Normal operations
2025-06-02 09:00:00,HARAM,16.069613626505657,21.030386373494345,1.5,2.8522149689753684,0.9261074844876842,9,0.8261333512679677,0.8054193866342368,0.967139207859418,0.010362982024556697,0.1821130946300453,1.111328981385221,17.71112751254471,17.129125832779632,18.284544072759566,0.10714285714285714,0.03571428571428571,GREEN,Normal operations
2025-06-02 09:00:00,MINA,16.069613626505657,21.030386373494345,1.5,1.4158071486160253,0.20790357430801265,9,0.8261333512679677,1.3440723192689905,0.9586101176328092,0.010362982024556697,0.026435806050785507,0.24948428916961518,17.107610345784106,16.399528365988367,17.701483005550116,0.1111111111111111,0.044444444444444446,GREEN,Normal operations
2025-06-02 09:00:00,ARAFAT,16.069613626505657,21.030386373494345,1.5,1.0,0.0,9,0.8261333512679677,1.5,0.9565488954649495,0.010362982024556697,0.014388967969673247,0.0,18.583413030072542,17.77594320788484,18.574192822433442,0.10638297872340426,0.0425531914893617,GREEN,Normal operations
2025-06-02 09:00:00,MUZDALIFAH,16.069613626505657,21.030386373494345,1.5,1.0,0.0,9,0.8261333512679677,1.5,0.9565488954649495,0.010362982024556697,0.014388967969673247,0.0,18.188001854920262,17.39771308503843,18.626309612358423,0.1111111111111111,0.037037037037037035,GREEN,Normal operations
2025-06-02 12:00:00,HARAM,17.81316030556821,23.53683969443179,3.5999999999999996,3.0,1.0,12,0.91,1.7999999999999998,0.9529313624423154,0.040424129788330765,0.004389039119560327,1.2,19.429965517900598,18.515423513180224,19.769439539926637,0.10714285714285714,0.03571428571428571,GREEN,Normal operations
2025-06-02 12:00:00,MINA,17.81316030556821,23.53683969443179,3.5999999999999996,1.3070915586851977,0.15354577934259883,12,0.91,3.323617597183322,0.9388926782514655,0.040424129788330765,9.953101154833795e-06,0.1842549352111186,18.865874742568284,17.71303166460661,19.117658737056615,0.1111111111111111,0.044444444444444446,GREEN,Normal operations
2025-06-02 12:00:00,ARAFAT,17.81316030556821,23.53683969443179,3.5999999999999996,1.0,0.0,12,0.91,3.5999999999999996,0.9368443361476695,0.040424129788330765,3.2948573958661087e-06,0.0,20.595316022958315,19.29460516727984,20.155777791641146,0.10638297872340426,0.0425531914893617,GREEN,Normal operations
2025-06-02 12:00:00,MUZDALIFAH,17.81316030556821,23.53683969443179,3.5999999999999996,1.0,0.0,12,0.91,3.5999999999999996,0.9368443361476695,0.040424129788330765,3.2948573958661087e-06,0.0,20.15976385836369,18.886560588782512,20.212002751772648,0.1111111111111111,0.037037037037037035,GREEN,Normal operations
2025-06-02 15:00:00,HARAM,19.289118191544347,24.910881808455656,2.6,2.9837262438265286,0.9918631219132643,15,1.0465874281184537,1.3105779415127565,0.9590719179783997,0.021277594861492687,0.030083310440555212,1.1902357462959172,20.958541432162285,20.10074852937364,21.55228102402437,0.10714285714285714,0.03571428571428571,GREEN,Normal operations
2025-06-02 15:00:00,MINA,19.289118191544347,24.910881808455656,2.6,1.3281329653819185,0.16406648269095925,15,1.0465874281184537,2.386713572501753,0.9468391139255523,0.021277594861492687,0.00042199146475848,0.1968797792291511,20.460006341256552,19.37233427506654,21.001462972438475,0.1111111111111111,0.044444444444444446,GREEN,Normal operations
2025-06-02 15:00:00,ARAFAT,19.289118191544347,24.910881808455656,2.6,1.0,0.0,15,1.0465874281184537,2.6,0.9448685901410797,0.021277594861492687,0.00017985341618663626,0.0,22.463826587627448,21.225364157025247,22.224278648454796,0.10638297872340426,0.0425531914893617,GREEN,Normal operations
2025-06-02 15:00:00,MUZDALIFAH,19.289118191544347,24.910881808455656,2.6,1.0,0.0,15,1.0465874281184537,2.6,0.9448685901410797,0.021277594861492687,0.00017985341618663626,0.0,21.962899752732373,20.75205412477411,22.289496615058255,0.1111111111111111,0.037037037037037035,GREEN,Normal operations
2025-06-02 18:00:00,HARAM,18.570678954244254,18.679321045755746,5.4,3.0,1.0,18,1.155884572681199,2.7,0.9439813578823274,0.12012936503187786,0.00012056828644780593,1.2,20.363434232787345,19.222702298214067,20.800596786916014,0.10714285714285714,0.03571428571428571,GREEN,Normal operations
2025-06-02 18:00:00,MINA,18.570678954244254,18.679321045755746,5.4,1.3144032624634168,0.15720163123170838,18,1.155884572681199,4.975555595674388,0.9280215100970276,0.12012936503187786,1.3435492322138752e-08,0.18864195747805004,19.93121051820482,18.496592083166192,20.260095071594744,0.1111111111111111,0.044444444444444446,GREEN,Normal operations
2025-06-02 18:00:00,ARAFAT,18.570678954244254,18.679321045755746,5.4,1.0,0.0,18,1.155884572681199,5.4,0.9256574262617996,0.12012936503187786,2.459903896105376e-09,0.0,22.17234125051295,20.52399233614815,21.60573676077278,0.10638297872340426,0.0425531914893617,GREEN,Normal operations
2025-06-02 18:00:00,MUZDALIFAH,18.570678954244254,18.679321045755746,5.4,1.0,0.0,18,1.155884572681199,5.4,0.9256574262617996,0.12012936503187786,2.459903896105376e-09,0.0,21.612118431846543,20.00541792368827,21.676301068517244,0.1111111111111111,0.037037037037037035,GREEN,Normal operations
2025-06-02 21:00:00,HARAM,16.541849425254004,18.058150574745998,2.1,3.0,1.0,21,1.1738666487320324,1.05,0.9629393997865796,0.015361882538247369,0.07980039129574812,1.2,18.316867801692062,17.63803368693148,19.27265739967612,0.10714285714285714,0.03571428571428571,GREEN,Normal operations
2025-06-02 21:00:00,MINA,16.541849425254004,18.058150574745998,2.1,1.0964071166715732,0.0482035583357866,21,1.1738666487320324,2.049386263747424,0.9502054184666775,0.015361882538247369,0.001624230752150648,0.05784427000294392,17.684802252007184,16.80419492436893,18.637944204994,0.1111111111111111,0.044444444444444446,GREEN,Normal operations
2025-06-02 21:00:00,ARAFAT,16.541849425254004,18.058150574745998,2.1,1.0,0.0,21,1.1738666487320324,2.1,0.949678525608133,0.015361882538247369,0.0013270408641395373,0.0,20.092578426087474,19.081490255352534,20.210143390420466,0.10638297872340426,0.0425531914893617,GREEN,Normal operations
2025-06-02 21:00:00,MUZDALIFAH,16.541849425254004,18.058150574745998,2.1,1.0,0.0,21,1.1738666487320324,2.1,0.949678525608133,0.015361882538247369,0.0013270408641395373,0.0,19.52385476763937,18.541385609919075,20.283665119106384,0.1111111111111111,0.037037037037037035,GREEN,Normal operations
2025-06-03 03:00:00,HARAM,16.48884291553555,14.71115708446445,0.0,2.9807405535195253,0.9903702767597626,3,0.9534125718815463,0.0,1.0,0.003843802309727615,0.7046376623823059,1.188444332111715,18.77550705392262,18.77550705392262,20.15424252352483,0.10714285714285714,0.03571428571428571,GREEN,Normal operations
2025-06-03 03:00:00,MINA,16.48884291553555,14.71115708446445,0.0,1.3301234255865872,0.16506171279329362,3,0.9534125718815463,0.0,1.0,0.003843802309727615,0.7046376623823059,0.19807405535195236,18.262925736916053,18.262925736916053,19.83034277866286,0.1111111111111111,0.044444444444444446,GREEN,Normal operations
2025-06-03 03:00:00,ARAFAT,16.48884291553555,14.71115708446445,0.0,1.0,0.0,3,0.9534125718815463,0.0,1.0,0.003843802309727615,0.7046376623823059,0.0,20.06984989999222,20.06984989999222,21.032929673914495,0.10638297872340426,0.0425531914893617,GREEN,Normal operations
2025-06-03 03:00:00,MUZDALIFAH,16.48884291553555,14.71115708446445,0.0,1.0,0.0,3,0.9534125718815463,0.0,1.0,0.003843802309727615,0.7046376623823059,0.0,19.613519230283718,19.613519230283718,21.09580803344479,0.1111111111111111,0.037037037037037035,GREEN,Normal operations
2025-06-03 06:00:00,HARAM,16.538850507329485,12.561149492670518,1.3,2.9807405535195253,0.9903702767597626,6,0.844115427318801,0.6562593201061543,0.9700848956530769,0.0090840940886237,0.2789093354452237,1.188444332111715,18.360347854353584,17.811096132444785,18.995259588588365,0.10714285714285714,0.03571428571428571,GREEN,Normal operations
2025-06-03 06:00:00,MINA,16.538850507329485,12.561149492670518,1.3,1.3301234255865872,0.16506171279329362,6,0.844115427318801,1.1927098866843593,0.9607571515239466,0.0090840940886237,0.04713635547363888,0.19807405535195236,17.56122086972189,16.87206854007689,18.20534175248827,0.1111111111111111,0.044444444444444446,GREEN,Normal operations
2025-06-03 06:00:00,ARAFAT,16.538850507329485,12.561149492670518,1.3,1.0,0.0,6,0.844115427318801,1.3,0.9592192656580009,0.0090840940886237,0.031332578237411486,0.0,19.122492618580758,18.34266332714558,19.160565041197447,0.10638297872340426,0.0425531914893617,GREEN,Normal operations
2025-06-03 06:00:00,MUZDALIFAH,16.538850507329485,12.561149492670518,1.3,1.0,0.0,6,0.844115427318801,1.3,0.9592192656580009,0.0090840940886237,0.031332578237411486,0.0,18.71847470480447,17.955121560580412,19.213964893867125,0.1111111111111111,0.037037037037037035,GREEN,Normal operations
2025-06-03 09:00:00,HARAM,17.15335109779472,19.296648902205284,0.0,2.7685183513567186,0.8842591756783593,9,0.8261333512679677,0.0,1.0,0.003843802309727615,0.7046376623823059,1.0611110108140311,19.260652401300014,19.260652401300014,20.455328649135357,0.10714285714285714,0.03571428571428571,GREEN,Normal operations
2025-06-03 09:00:00,MINA,17.15335109779472,19.296648902205284,0.0,1.4716048936951251,0.23580244684756257,9,0.8261333512679677,0.0,1.0,0.003843802309727615,0.7046376623823059,0.2829629362170751,18.89650914073732,18.89650914073732,20.25467823953298,0.1111111111111111,0.044444444444444446,GREEN,Normal operations
2025-06-03 09:00:00,ARAFAT,17.15335109779472,19.296648902205284,0.0,1.0,0.0,9,0.8261333512679677,0.0,1.0,0.003843802309727615,0.7046376623823059,0.0,20.35088001605941,20.35088001605941,21.185390011662506,0.10638297872340426,0.0425531914893617,GREEN,Normal operations
2025-06-03 09:00:00,MUZDALIFAH,17.15335109779472,19.296648902205284,0.0,1.0,0.0,9,0.8261333512679677,0.0,1.0,0.003843802309727615,0.7046376623823059,0.0,19.95546884090713,19.95546884090713,21.239874199739113,0.1111111111111111,0.037037037037037035,GREEN,Normal operations
2025-06-03 12:00:00,HARAM,22.475285352768907,16.274714647231093,3.5999999999999996,3.0,1.0,12,0.91,1.7999999999999998,0.9529313624423154,0.040424129788330765,0.004389039119560327,1.2,24.092090565101298,22.95810868628563,24.212124713032043,0.10714285714285714,0.03571428571428571,YELLOW,Extra water stations; increased medical presence
2025-06-03 12:00:00,MINA,22.475285352768907,16.274714647231093,3.5999999999999996,1.2276713279907498,0.11383566399537492,12,0.91,3.3950958048083244,0.9383520677016028,0.040424129788330765,7.478067775166771e-06,0.1366027967944499,23.48034517631893,22.032830446546225,23.436648740494086,0.1111111111111111,0.044444444444444446,GREEN,Normal operations
2025-06-03 12:00:00,ARAFAT,22.475285352768907,16.274714647231093,3.5999999999999996,1.0,0.0,12,0.91,3.5999999999999996,0.9368443361476695,0.040424129788330765,3.2948573958661087e-06,0.0,25.25744107015901,23.662290612162,24.523463236523305,0.10638297872340426,0.0425531914893617,YELLOW,Extra water stations; increased medical presence
2025-06-03 12:00:00,MUZDALIFAH,22.475285352768907,16.274714647231093,3.5999999999999996,1.0,0.0,12,0.91,3.5999999999999996,0.9368443361476695,0.040424129788330765,3.2948573958661087e-06,0.0,24.821888905564386,23.25424603366468,24.579688196654807,0.1111111111111111,0.037037037037037035,YELLOW,Extra water stations; increased medical presence
2025-06-03 15:00:00,HARAM,22.34224592934426,19.257754070655743,3.1,3.0,1.0,15,1.0465874281184537,1.55,0.9559163077628435,0.029386072537623778,0.011819225354618445,1.2,24.011277816256474,22.952772034783756,24.399528588566586,0.10714285714285714,0.03571428571428571,YELLOW,Extra water stations; increased medical presence
2025-06-03 15:00:00,MINA,22.34224592934426,19.257754070655743,3.1,1.2751028546554894,0.13755142732774472,15,1.0465874281184537,2.8867952876419958,0.9423809100464892,0.029386072537623778,5.711772314781301e-05,0.16506171279329365,23.489059616555135,22.135641377585465,23.75709930199154,0.1111111111111111,0.044444444444444446,GREEN,Normal operations
2025-06-03 15:00:00,ARAFAT,22.34224592934426,19.257754070655743,3.1,1.0,0.0,15,1.0465874281184537,3.1,0.9406368490492585,0.029386072537623778,2.4345245520452264e-05,0.0,25.524907294932834,24.009668370180048,25.0041090675342,0.10638297872340426,0.0425531914893617,YELLOW,Extra water stations; increased medical presence
2025-06-03 15:00:00,MUZDALIFAH,22.34224592934426,19.257754070655743,3.1,1.0,0.0,15,1.0465874281184537,3.1,0.9406368490492585,0.029386072537623778,2.4345245520452264e-05,0.0,25.023980460037755,23.53847813060013,25.069034945320144,0.1111111111111111,0.037037037037037035,YELLOW,Extra water stations; increased medical presence
2025-06-03 18:00:00,HARAM,23.01077905423011,12.839220945769892,4.1,2.7685183513567186,0.8842591756783593,18,1.155884572681199,2.287268689859363,0.9477974848984885,0.055310736274677454,0.000627979149837885,1.0611110108140311,24.60033412569342,23.31613481199468,24.900408076862814,0.10714285714285714,0.03571428571428571,YELLOW,Extra water stations; increased medical presence
2025-06-03 18:00:00,MINA,23.01077905423011,12.839220945769892,4.1,1.4716048936951251,0.23580244684756257,18,1.155884572681199,3.6166049839624965,0.9367247655775882,0.055310736274677454,3.0831235320701856e-06,0.2829629362170751,24.400816037860537,22.856848682966767,24.63689031503884,0.1111111111111111,0.044444444444444446,YELLOW,Extra water stations; increased medical presence
2025-06-03 18:00:00,ARAFAT,23.01077905423011,12.839220945769892,4.1,1.0,0.0,18,1.155884572681199,4.1,0.9333994795329356,0.055310736274677454,4.45912046868488e-07,0.0,26.547623165193745,24.779537645228345,25.870329610253552,0.10638297872340426,0.0425531914893617,ORANGE,Mandatory rest periods; shade structures required
2025-06-03 18:00:00,MUZDALIFAH,23.01077905423011,12.839220945769892,4.1,1.0,0.0,18,1.155884572681199,4.1,0.9333994795329356,0.055310736274677454,4.45912046868488e-07,0.0,25.987400346527338,24.256625957862653,25.941484106780717,0.1111111111111111,0.037037037037037035,YELLOW,Extra water stations; increased medical presence
2025-06-03 21:00:00,HARAM,21.547593278008712,11.452406721991288,1.5,2.9807405535195253,0.9903702767597626,21,1.1738666487320324,0.757222292430178,0.9680531545318966,0.010362982024556697,0.21063961476432158,1.188444332111715,23.436896309513365,22.688161404861383,24.33146589727887,0.10714285714285714,0.03571428571428571,GREEN,Normal operations
2025-06-03 21:00:00,MINA,21.547593278008712,11.452406721991288,1.5,1.3301234255865872,0.16506171279329362,21,1.1738666487320324,1.3762037154050297,0.9581737239735469,0.010362982024556697,0.023340434733434556,0.19807405535195236,22.847493193578494,21.89186763675137,23.74099451279639,0.1111111111111111,0.044444444444444446,GREEN,Normal operations
2025-06-03 21:00:00,ARAFAT,21.547593278008712,11.452406721991288,1.5,1.0,0.0,21,1.1738666487320324,1.5,0.9565488954649495,0.010362982024556697,0.014388967969673247,0.0,25.106385305434024,24.015485133030353,25.15230341479675,0.10638297872340426,0.0425531914893617,YELLOW,Extra water stations; increased medical presence
2025-06-03 21:00:00,MUZDALIFAH,21.547593278008712,11.452406721991288,1.5,1.0,0.0,21,1.1738666487320324,1.5,0.9565488954649495,0.010362982024556697,0.014388967969673247,0.0,24.537661646985914,23.471473145717034,25.226357030279058,0.1111111111111111,0.037037037037037035,YELLOW,Extra water stations; increased medical presence
2025-06-04 00:00:00,HARAM,19.248864662902328,11.951135337097671,1.8,2.5640704336569247,0.7820352168284623,0,1.09,1.096168304854384,0.9622147789968698,0.012621177404305503,0.0674791453016165,0.9384422601941548,20.712980132981194,19.930335601023064,21.447031788897693,0.10714285714285714,0.03571428571428571,GREEN,Normal operations
2025-06-04 00:00:00,MINA,19.248864662902328,11.951135337097671,1.8,1.607903505494987,0.30395175274749353,0,1.09,1.5264434225272558,0.9562127294352273,0.012621177404305503,0.012968133112701034,0.36474210329699225,20.63100674331019,19.72763126901722,21.441133636535454,0.1111111111111111,0.044444444444444446,GREEN,Normal operations
2025-06-04 00:00:00,ARAFAT,19.248864662902328,11.951135337097671,1.8,1.0,0.0,0,1.09,1.8,0.9529313624423154,0.012621177404305503,0.004389039119560323,0.0,22.549923054251877,21.488528899057616,22.53775601594954,0.10638297872340426,0.0425531914893617,GREEN,Normal operations
2025-06-04 00:00:00,MUZDALIFAH,19.248864662902328,11.951135337097671,1.8,1.0,0.0,0,1.09,1.8,0.9529313624423154,0.012621177404305503,0.004389039119560323,0.0,22.02595016619687,20.989218700960528,22.60625883541607,0.1111111111111111,0.037037037037037035,GREEN,Normal operations
2025-06-04 03:00:00,HARAM,19.290614245318572,11.409385754681427,0.0,1.5212475140840853,0.26062375704204266,3,0.9534125718815463,0.0,1.0,0.003843802309727615,0.7046376623823059,0.31274850845045116,20.701582560044383,20.701582560044383,22.080318029646588,0.10714285714285714,0.03571428571428571,GREEN,Normal operations
2025-06-04 03:00:00,MINA,19.290614245318572,11.409385754681427,0.0,2.3031187852102137,0.6515593926051069,3,0.9534125718815463,0.0,1.0,0.003843802309727615,0.7046376623823059,0.7818712711261282,21.64849428247326,21.64849428247326,23.21591132422006,0.1111111111111111,0.044444444444444446,GREEN,Normal operations
2025-06-04 03:00:00,ARAFAT,19.290614245318572,11.409385754681427,0.0,1.0,0.0,3,0.9534125718815463,0.0,1.0,0.003843802309727615,0.7046376623823059,0.0,22.871621229775243,22.871621229775243,23.834701003697518,0.10638297872340426,0.0425531914893617,GREEN,Normal operations
2025-06-04 03:00:00,MUZDALIFAH,19.290614245318572,11.409385754681427,0.0,1.0,0.0,3,0.9534125718815463,0.0,1.0,0.003843802309727615,0.7046376623823059,0.0,22.415290560066744,22.415290560066744,23.897579363227813,0.1111111111111111,0.037037037037037035,GREEN,Normal operations
2025-06-04 06:00:00,HARAM,19.542655432124945,9.907344567875052,2.55,1.9186303856913474,0.4593151928456737,6,0.844115427318801,1.9643731291217659,0.9511095656801817,0.02059799281459429,0.0022802039404768385,0.5511782314148084,20.461771445673357,19.461386552741537,20.62238719867864,0.10714285714285714,0.03571428571428571,GREEN,Normal operations
2025-06-04 06:00:00,MINA,19.542655432124945,9.907344567875052,2.55,2.038196870805372,0.519098435402686,6,0.844115427318801,1.8881494948615754,0.9519417862448011,0.02059799281459429,0.0030899159040826863,0.6229181224832231,20.95733732080503,19.95016512410198,21.27120497414321,0.1111111111111111,0.044444444444444446,GREEN,Normal operations
2025-06-04 06:00:00,ARAFAT,19.542655432124945,9.907344567875052,2.55,1.0,0.0,6,0.844115427318801,2.55,0.9453206932858245,0.02059799281459429,0.00021966252488106634,0.0,22.10669852638966,20.897919577227384,21.70397033438852,0.10638297872340426,0.0425531914893617,GREEN,Normal operations
2025-06-04 06:00:00,MUZDALIFAH,19.542655432124945,9.907344567875052,2.55,1.0,0.0,6,0.844115427318801,2.55,0.9453206932858245,0.02059799281459429,0.00021966252488106634,0.0,21.702680612613374,20.5159930828765,21.75659645185128,0.1111111111111111,0.037037037037037035,GREEN,Normal operations
2025-06-04 09:00:00,HARAM,20.385335048534674,16.214664951465327,1.5,2.1354563682596,0.5677281841298001,9,0.8261333512679677,1.07420386190265,0.9625571697287888,0.010362982024556697,0.07310963832529255,0.6812738209557601,21.487790317839515,20.683226632065274,21.83317081992387,0.10714285714285714,0.03571428571428571,GREEN,Normal operations
2025-06-04 09:00:00,MINA,20.385335048534674,16.214664951465327,1.5,1.8936462157598704,0.4468231078799352,9,0.8261333512679677,1.1648826690900487,0.961169709465032,0.010362982024556697,0.052323212485359184,0.5361877294559222,21.735922614534005,20.89191042436607,22.19734142245987,0.1111111111111111,0.044444444444444446,GREEN,Normal operations
2025-06-04 09:00:00,ARAFAT,20.385335048534674,16.214664951465327,1.5,1.0,0.0,9,0.8261333512679677,1.5,0.9565488954649495,0.010362982024556697,0.014388967969673247,0.0,22.899134452101563,21.90414176726112,22.70239138180972,0.10638297872340426,0.0425531914893617,GREEN,Normal operations
2025-06-04 09:00:00,MUZDALIFAH,20.385335048534674,16.214664951465327,1.5,1.0,0.0,9,0.8261333512679677,1.5,0.9565488954649495,0.010362982024556697,0.014388967969673247,0.0,22.503723276949277,21.525911644414705,22.7545081717347,0.1111111111111111,0.037037037037037035,GREEN,Normal operations
2025-06-04 12:00:00,HARAM,21.869680626921504,17.630319373078496,2.1,1.4716048936951247,0.23580244684756235,12,0.91,1.8524074308100595,0.9523394136658514,0.015361882538247369,0.0035626999973190606,0.2829629362170748,22.543560189098645,21.469120892427036,22.722357940453723,0.10714285714285714,0.03571428571428571,GREEN,Normal operations
2025-06-04 12:00:00,MINA,21.869680626921504,17.630319373078496,2.1,2.336213865469521,0.6681069327347604,12,0.91,1.3984877206285016,0.9578747537186489,0.015361882538247369,0.021403241643570114,0.8017283192817125,23.536199489284495,22.544731289271375,23.977756428625206,0.1111111111111111,0.044444444444444446,GREEN,Normal operations
2025-06-04 12:00:00,ARAFAT,21.869680626921504,17.630319373078496,2.1,1.0,0.0,12,0.91,2.1,0.949678525608133,0.015361882538247369,0.0013270408641395373,0.0,24.62809784306827,23.38877564813792,24.261745806190532,0.10638297872340426,0.0425531914893617,YELLOW,Extra water stations; increased medical presence
2025-06-04 12:00:00,MUZDALIFAH,21.869680626921504,17.630319373078496,2.1,1.0,0.0,12,0.91,2.1,0.949678525608133,0.015361882538247369,0.0013270408641395373,0.0,24.19254567847364,22.975141110640262,24.318741013590326,0.1111111111111111,0.037037037037037035,YELLOW,Extra water stations; increased medical presence
2025-06-04 15:00:00,HARAM,21.29473797823583,21.155262021764166,3.6,1.3144032624634168,0.15720163123170838,15,1.0465874281184537,3.317037063782925,0.9389428464464218,0.040424129788330765,1.0218563102155099e-05,0.18864195747805004,21.951640873085292,20.611336165544316,22.03240379007623,0.10714285714285714,0.03571428571428571,GREEN,Normal operations
2025-06-04 15:00:00,MINA,21.29473797823583,21.155262021764166,3.6,2.4410149529573264,0.7205074764786632,15,1.0465874281184537,2.303086542338406,0.9476432508151574,0.040424129788330765,0.0005895052843505411,0.8646089717743958,23.152669369239714,21.940470866114843,23.570983159141207,0.1111111111111111,0.044444444444444446,GREEN,Normal operations
2025-06-04 15:00:00,ARAFAT,21.29473797823583,21.155262021764166,3.6,1.0,0.0,15,1.0465874281184537,3.6,0.9368443361476695,0.040424129788330765,3.2948573958661028e-06,0.0,24.488416350686986,22.94183415936708,23.932265414417977,0.10638297872340426,0.0425531914893617,YELLOW,Extra water stations; increased medical presence
2025-06-04 15:00:00,MUZDALIFAH,21.29473797823583,21.155262021764166,3.6,1.0,0.0,15,1.0465874281184537,3.6,0.9368443361476695,0.040424129788330765,3.2948573958661028e-06,0.0,23.98748951579191,22.47254369127125,23.996929520374124,0.1111111111111111,0.037037037037037035,GREEN,Normal operations
2025-06-04 18:00:00,HARAM,25.278650778726274,12.821349221273726,3.0999999999999996,1.3144032624634168,0.15720163123170838,18,1.155884572681199,2.8563374715908516,0.9426370533322075,0.029386072537623778,6.451749776325328e-05,0.18864195747805004,25.96924867146447,24.479576044920613,26.055223486344502,0.10714285714285714,0.03571428571428571,YELLOW,Extra water stations; increased medical presence
2025-06-04 18:00:00,MINA,25.278650778726274,12.821349221273726,3.0999999999999996,2.4410149529573264,0.7205074764786632,18,1.155884572681199,1.9832134114580717,0.9509070593512813,0.029386072537623778,0.0021151181691034986,0.8646089717743958,27.226521169222526,25.889891181390805,27.696883177415188,0.1111111111111111,0.044444444444444446,ORANGE,Mandatory rest periods; shade structures required
2025-06-04 18:00:00,ARAFAT,25.278650778726274,12.821349221273726,3.0999999999999996,1.0,0.0,18,1.155884572681199,3.0999999999999996,0.9406368490492585,0.029386072537623778,2.4345245520452305e-05,0.0,28.78959412528633,27.080553103416378,28.179802823871523,0.10638297872340426,0.0425531914893617,RED,Suspend outdoor rituals for elderly/medically vulnerable
2025-06-04 18:00:00,MUZDALIFAH,25.278650778726274,12.821349221273726,3.0999999999999996,1.0,0.0,18,1.155884572681199,3.0999999999999996,0.9406368490492585,0.029386072537623778,2.4345245520452305e-05,0.0,28.229371306619925,26.55358687650051,28.251509036352477,0.1111111111111111,0.037037037037037035,RED,Suspend outdoor rituals for elderly/medically vulnerable
2025-06-04 21:00:00,HARAM,23.237103090210088,11.762896909789912,1.5,1.280956106882202,0.14047805344110098,21,1.1738666487320324,1.3946414599191743,0.9579261452632353,0.010362982024556697,0.021726065681780406,0.16857366412932118,23.917621904649813,22.911315354984705,24.53742889074033,0.10714285714285714,0.03571428571428571,GREEN,Normal operations
2025-06-04 21:00:00,MINA,23.237103090210088,11.762896909789912,1.5,2.4633130566781363,0.7316565283390681,21,1.1738666487320324,0.9512576037456989,0.9645562562299281,0.010362982024556697,0.11299185466970091,0.8779878340068817,25.306568204371064,24.409608685235487,26.27105285994693,0.1111111111111111,0.044444444444444446,YELLOW,Extra water stations; increased medical presence
2025-06-04 21:00:00,ARAFAT,23.237103090210088,11.762896909789912,1.5,1.0,0.0,21,1.1738666487320324,1.5,0.9565488954649495,0.010362982024556697,0.014388967969673247,0.0,26.7958951176354,25.631583877768772,26.76840215953517,0.10638297872340426,0.0425531914893617,ORANGE,Mandatory rest periods; shade structures required
2025-06-04 21:00:00,MUZDALIFAH,23.237103090210088,11.762896909789912,1.5,1.0,0.0,21,1.1738666487320324,1.5,0.9565488954649495,0.010362982024556697,0.014388967969673247,0.0,26.227171459187293,25.087571890455454,26.842455775017477,0.1111111111111111,0.037037037037037035,ORANGE,Mandatory rest periods; shade structures required
2025-06-05 00:00:00,HARAM,22.38441995890121,10.06558004109879,0.75,1.0348721928436535,0.017436096421826752,0,1.09,0.743461463841815,0.9683203390168614,0.006317666805935081,0.2192916845583257,0.020923315706192103,23.07652551315045,22.345469008225106,23.87178911771193,0.10714285714285714,0.03571428571428571,GREEN,Normal operations
2025-06-05 00:00:00,MINA,22.38441995890121,10.06558004109879,0.75,2.2786470709339657,0.6393235354669828,0,1.09,0.5102536741998814,0.9733743762438501,0.006317666805935081,0.39179821036573,0.7671882425603794,24.541534745227125,23.888101074702224,25.632356559734855,0.1111111111111111,0.044444444444444446,YELLOW,Extra water stations; increased medical presence
2025-06-05 00:00:00,ARAFAT,22.38441995890121,10.06558004109879,0.75,1.4184663141238432,0.20923315706192158,0,1.09,0.6715375661017795,0.9697662643095711,0.006317666805935081,0.2679120100514861,0.2510797884743059,26.19377759905862,25.4018418503948,26.469605072032053,0.10638297872340426,0.0425531914893617,ORANGE,Mandatory rest periods; shade structures required
2025-06-05 00:00:00,MUZDALIFAH,22.38441995890121,10.06558004109879,0.75,1.0,0.0,0,1.09,0.75,0.9681930262786094,0.006317666805935081,0.2151531370959961,0.0,25.36596604957381,24.55915143401734,26.20208926049406,0.1111111111111111,0.037037037037037035,YELLOW,Extra water stations; increased medical presence
2025-06-05 03:00:00,HARAM,22.082863287140814,9.517136712859187,0.0,1.0348721928436535,0.017436096421826752,3,0.9534125718815463,0.0,1.0,0.003843802309727615,0.7046376623823059,0.020923315706192103,23.20200640912236,23.20200640912236,24.58074187872457,0.10714285714285714,0.03571428571428571,GREEN,Normal operations
2025-06-05 03:00:00,MINA,22.082863287140814,9.517136712859187,0.0,2.2786470709339657,0.6393235354669828,3,0.9534125718815463,0.0,1.0,0.003843802309727615,0.7046376623823059,0.7671882425603794,24.426060295729748,24.426060295729748,25.993477337476552,0.1111111111111111,0.044444444444444446,YELLOW,Extra water stations; increased medical presence
2025-06-05 03:00:00,ARAFAT,22.082863287140814,9.517136712859187,0.0,1.4184663141238432,0.20923315706192158,3,0.9534125718815463,0.0,1.0,0.003843802309727615,0.7046376623823059,0.2510797884743059,25.914950060071785,25.914950060071785,26.878029833994066,0.10638297872340426,0.0425531914893617,YELLOW,Extra water stations; increased medical presence
2025-06-05 03:00:00,MUZDALIFAH,22.082863287140814,9.517136712859187,0.0,1.0,0.0,3,0.9534125718815463,0.0,1.0,0.003843802309727615,0.7046376623823059,0.0,25.207539601888985,25.207539601888985,26.689828405050054,0.1111111111111111,0.037037037037037035,YELLOW,Extra water stations; increased medical presence
2025-06-05 06:00:00,HARAM,21.622049928846565,7.927950071153434,0.0,1.291285375517577,0.14564268775878852,6,0.844115427318801,0.0,1.0,0.003843802309727615,0.7046376623823059,0.17477122531054623,22.85036220422768,22.85036220422768,24.071042436906055,0.10714285714285714,0.03571428571428571,GREEN,Normal operations
2025-06-05 06:00:00,MINA,21.622049928846565,7.927950071153434,0.0,2.068046376897783,0.5340231884488915,6,0.844115427318801,0.0,1.0,0.003843802309727615,0.7046376623823059,0.6408278261386698,23.739435077155456,23.739435077155456,25.12716683673336,0.1111111111111111,0.044444444444444446,GREEN,Normal operations
2025-06-05 06:00:00,ARAFAT,21.622049928846565,7.927950071153434,0.0,1.4660566008281233,0.23302830041406164,6,0.844115427318801,0.0,1.0,0.003843802309727615,0.7046376623823059,0.27963396049687395,25.153390792960714,25.153390792960714,26.006065195294372,0.10638297872340426,0.0425531914893617,YELLOW,Extra water stations; increased medical presence
2025-06-05 06:00:00,MUZDALIFAH,21.622049928846565,7.927950071153434,0.0,1.0,0.0,6,0.844115427318801,0.0,1.0,0.003843802309727615,0.7046376623823059,0.0,24.469738918687554,24.469738918687554,25.782101355886077,0.1111111111111111,0.037037037037037035,YELLOW,Extra water stations; increased medical presence
2025-06-05 09:00:00,HARAM,22.76803105379379,13.931968946206212,2.1,1.0358531883726736,0.017926594186336797,9,0.8261333512679677,2.0811770761043467,0.9498735083260252,0.015361882538247369,0.0014306280409170388,0.021511913023604157,23.1440443053958,21.98391456121927,23.118705880064393,0.10714285714285714,0.03571428571428571,GREEN,Normal operations
2025-06-05 09:00:00,MINA,22.76803105379379,13.931968946206212,2.1,1.3357328238359942,0.16786641191799712,9,0.8261333512679677,1.923740267486103,0.9515505811363021,0.015361882538247369,0.0026812776913748048,0.20143969430159653,23.739227550358503,22.58907577127055,23.881442366510925,0.1111111111111111,0.044444444444444446,GREEN,Normal operations
2025-06-05 09:00:00,ARAFAT,22.76803105379379,13.931968946206212,2.1,2.549178614218193,0.7745893071090966,9,0.8261333512679677,1.2866812275354487,0.9594058430991019,0.015361882538247369,0.032976415994282346,0.9295071685309159,26.23492397442989,25.169939354328754,25.97057312023497,0.10638297872340426,0.0425531914893617,ORANGE,Mandatory rest periods; shade structures required
2025-06-05 09:00:00,MUZDALIFAH,22.76803105379379,13.931968946206212,2.1,1.0,0.0,9,0.8261333512679677,2.1,0.949678525608133,0.015361882538247369,0.0013270408641395373,0.0,24.878356255616556,23.626440688387806,24.846212875846547,0.1111111111111111,0.037037037037037035,YELLOW,Extra water stations; increased medical presence
2025-06-05 12:00:00,HARAM,22.101933132090956,18.348066867909047,1.8,1.0403245226693714,0.020162261334685683,12,0.91,1.781853964798783,0.9531388706286255,0.012621177404305503,0.004717511911759866,0.024194713601622817,22.515458578433147,21.460358761133364,22.714647859584176,0.10714285714285714,0.03571428571428571,GREEN,Normal operations
2025-06-05 12:00:00,MINA,22.101933132090956,18.348066867909047,1.8,1.064519236270994,0.03225961813549705,12,0.91,1.7709663436780527,0.9532640188617322,0.012621177404305503,0.004926208156788095,0.03871154176259645,22.98621747831411,21.911934051807506,23.338061317576912,0.1111111111111111,0.044444444444444446,GREEN,Normal operations
2025-06-05 12:00:00,ARAFAT,22.101933132090956,18.348066867909047,1.8,2.8710578518588346,0.9355289259294173,12,0.91,0.9580239666635245,0.9644423362226558,0.012621177404305503,0.1103910280596609,1.1226347111153008,26.089308341414597,25.161633487227114,26.048174938868126,0.10638297872340426,0.0425531914893617,ORANGE,Mandatory rest periods; shade structures required
2025-06-05 12:00:00,MUZDALIFAH,22.101933132090956,18.348066867909047,1.8,1.0,0.0,12,0.91,1.8,0.9529313624423154,0.012621177404305503,0.004389039119560323,0.0,24.425119476764575,23.275462380809593,24.62366437924447,0.1111111111111111,0.037037037037037035,YELLOW,Extra water stations; increased medical presence
2025-06-05 15:00:00,HARAM,32.03253391709145,12.717466082908551,2.1,1.0331227517310955,0.016561375865547734,15,1.0465874281184537,2.0826105553411747,0.9498586193295805,0.015361882538247369,0.0014224629556407247,0.01987365103865728,32.49701850264396,30.867573127249234,32.30516151393372,0.10714285714285714,0.03571428571428571,BLACK,Complete suspension of outdoor activities
2025-06-05 15:00:00,MINA,32.03253391709145,12.717466082908551,2.1,1.0276022931092466,0.013801146554623278,15,1.0465874281184537,2.0855087961176455,0.949828536578755,0.015361882538247369,0.0014060964307841463,0.01656137586554793,33.01817205608284,31.36160204453471,32.995874334055806,0.1111111111111111,0.044444444444444446,BLACK,Complete suspension of outdoor activities
2025-06-05 15:00:00,ARAFAT,32.03253391709145,12.717466082908551,2.1,2.9211196004035527,0.9605598002017763,15,1.0465874281184537,1.091412209788135,0.9622885648208126,0.015361882538247369,0.06866394444179441,1.1526717602421315,36.42248245211905,35.04893836606086,36.0662692439906,0.10638297872340426,0.0425531914893617,BLACK,Complete suspension of outdoor activities
2025-06-05 15:00:00,MUZDALIFAH,32.03253391709145,12.717466082908551,2.1,1.0,0.0,15,1.0465874281184537,2.1,0.949678525608133,0.015361882538247369,0.0013270408641395373,0.0,34.7015469534042,32.95531394703029,34.50058292158933,0.1111111111111111,0.037037037037037035,BLACK,Complete suspension of outdoor activities
2025-06-05 18:00:00,HARAM,20.81007180605892,20.789928193941076,2.1,1.0432476103388542,0.02162380516942708,18,1.155884572681199,2.0772950045721017,0.9499138631093315,0.015361882538247369,0.001452975958158344,0.025948566203312495,21.3253405759834,20.257236648654565,21.845047506174314,0.10714285714285714,0.03571428571428571,GREEN,Normal operations
2025-06-05 18:00:00,MINA,20.81007180605892,20.789928193941076,2.1,1.0360396752823786,0.018019837641189307,18,1.155884572681199,2.0810791704767513,0.9498745254750663,0.015361882538247369,0.0014311874142789772,0.021623805169427166,21.90024890919602,20.802488540408408,22.60751843042926,0.1111111111111111,0.044444444444444446,GREEN,Normal operations
2025-06-05 18:00:00,ARAFAT,20.81007180605892,20.789928193941076,2.1,2.9028948549095874,0.9514474274547937,18,1.155884572681199,1.1009802011724668,0.9621403242236432,0.015361882538247369,0.0662993629957098,1.1417369129457524,25.515002893315554,24.54901315634182,25.673392329356837,0.10638297872340426,0.0425531914893617,YELLOW,Extra water stations; increased medical presence
2025-06-05 18:00:00,MUZDALIFAH,20.81007180605892,20.789928193941076,2.1,1.0,0.0,18,1.155884572681199,2.1,0.949678525608133,0.015361882538247369,0.0013270408641395373,0.0,23.748070839571817,22.55303290096206,24.267275985310064,0.1111111111111111,0.037037037037037035,GREEN,Normal operations
2025-06-05 21:00:00,HARAM,23.878051637997633,13.121948362002367,2.1,1.0751419026373112,0.03757095131865562,21,1.1738666487320324,2.060550501115412,0.9500884837720064,0.015361882538247369,0.001553431021257843,0.045085141582386745,24.41990819574359,23.201073551545615,24.81388237951914,0.10714285714285714,0.03571428571428571,YELLOW,Extra water stations; increased medical presence
2025-06-05 21:00:00,MINA,23.878051637997633,13.121948362002367,2.1,1.0626182521977592,0.03130912609887959,21,1.1738666487320324,2.0671254175961766,0.9500198084708634,0.015361882538247369,0.0015131851268122651,0.03757095131865551,25.00062010044118,23.75108431947395,25.58447540155618,0.1111111111111111,0.044444444444444446,YELLOW,Extra water stations; increased medical presence
2025-06-05 21:00:00,ARAFAT,23.878051637997633,13.121948362002367,2.1,1.3246130193931844,0.16230650969659222,21,1.1738666487320324,1.9295781648185784,0.9514868545865425,0.015361882538247369,0.0026195936320497436,0.19476781163591064,27.624841003234923,26.28467307462134,27.415475332909057,0.10638297872340426,0.0425531914893617,ORANGE,Mandatory rest periods; shade structures required
2025-06-05 21:00:00,MUZDALIFAH,23.878051637997633,13.121948362002367,2.1,2.901090136723975,0.9505450683619876,21,1.1738666487320324,1.101927678219913,0.9621256870585522,0.015361882538247369,0.06606928217658666,1.1406540820343851,28.065453303729832,27.002493542460773,28.767608604688228,0.1111111111111111,0.037037037037037035,RED,Suspend outdoor rituals for elderly/medically vulnerable
2025-06-06 00:00:00,HARAM,22.108081292840303,10.991918707159698,1.25,1.2468520131504892,0.1234260065752446,0,1.09,1.1728587458904722,0.9610508510444695,0.008789554104474543,0.05078452309605928,0.14811120789029353,22.761339465109927,21.87480466385597,23.38966620407511,0.10714285714285714,0.03571428571428571,GREEN,Normal operations
2025-06-06 00:00:00,MINA,22.108081292840303,10.991918707159698,1.25,1.0049370402630098,0.002468520131504892,0,1.09,1.2484571749178095,0.9599479749625717,0.008789554104474543,0.03816436150438004,0.0029622241578058706,23.149808099200825,22.222611405599974,23.942807212619005,0.1111111111111111,0.044444444444444446,GREEN,Normal operations
2025-06-06 00:00:00,ARAFAT,22.108081292840303,10.991918707159698,1.25,1.0,0.0,0,1.09,1.25,0.959925897735407,0.008789554104474543,0.037940698542053425,0.0,25.43885972031251,24.41942025438608,25.476348719338116,0.10638297872340426,0.0425531914893617,YELLOW,Extra water stations; increased medical presence
2025-06-06 00:00:00,MUZDALIFAH,22.108081292840303,10.991918707159698,1.25,3.0,1.0,0,1.09,0.625,0.9707505097046594,0.008789554104474543,0.30203253503851635,1.2,26.37897866875397,25.607406988181264,27.254684637551968,0.1111111111111111,0.037037037037037035,ORANGE,Mandatory rest periods; shade structures required
2025-06-06 03:00:00,HARAM,21.111894660068856,10.638105339931142,1.0,1.2979085978062939,0.14895429890314693,3,0.9534125718815463,0.9255228505484265,0.9649940099981206,0.0074527674760533485,0.12335385062919926,0.1787451586837763,21.81118477844121,21.04766266215795,22.378134131696026,0.10714285714285714,0.03571428571428571,GREEN,Normal operations
2025-06-06 03:00:00,MINA,21.111894660068856,10.638105339931142,1.0,1.0215852004331254,0.010792600216562698,3,0.9534125718815463,0.9946036998917187,0.9638346563931135,0.0074527674760533485,0.09719033810962044,0.012951120259875238,22.097016187250922,21.297870004152063,22.8086008700088,0.1111111111111111,0.044444444444444446,GREEN,Normal operations
2025-06-06 03:00:00,ARAFAT,21.111894660068856,10.638105339931142,1.0,1.0,0.0,3,0.9534125718815463,1.0,0.9637461506155964,0.0074527674760533485,0.09536233761769404,0.0,24.08723528492724,23.213980284820792,24.142144709674128,0.10638297872340426,0.0425531914893617,YELLOW,Extra water stations; increased medical presence
2025-06-06 03:00:00,MUZDALIFAH,21.111894660068856,10.638105339931142,1.0,3.0,1.0,3,0.9534125718815463,0.5,0.973624689078917,0.0074527674760533485,0.4,1.2,25.135542277601036,24.472584534859287,25.915777509962144,0.1111111111111111,0.037037037037037035,YELLOW,Extra water stations; increased medical presence
2025-06-06 06:00:00,HARAM,20.713998802716787,9.186001197283211,0.5,1.3042937939235428,0.15214689696177142,6,0.844115427318801,0.46196327575955715,0.9745797410221966,0.005354280739427885,0.43037081496477375,0.18257627635412568,21.677359760153653,21.126315661095532,22.315965886130137,0.10714285714285714,0.03571428571428571,GREEN,Normal operations
2025-06-06 06:00:00,MINA,20.713998802716787,9.186001197283211,0.5,1.6774093164980988,0.3387046582490494,6,0.844115427318801,0.41532383543773765,0.9758139124524252,0.005354280739427885,0.46710066773016595,0.40644558989885926,22.36097519856343,21.82015069476182,23.174318652510028,0.1111111111111111,0.044444444444444446,GREEN,Normal operations
2025-06-06 06:00:00,ARAFAT,20.713998802716787,9.186001197283211,0.5,1.0,0.0,6,0.844115427318801,0.5,0.973624689078917,0.005354280739427885,0.4,0.0,23.66257852238145,23.038470656659094,23.868655506516763,0.10638297872340426,0.0425531914893617,GREEN,Normal operations
2025-06-06 06:00:00,MUZDALIFAH,20.713998802716787,9.186001197283211,0.5,2.155517923228715,0.5777589616143575,6,0.844115427318801,0.35556025959641063,0.9775157999681473,0.005354280739427885,0.5124412644605902,0.693310753937229,24.064312627002987,23.523245808268417,24.80610082591468,0.1111111111111111,0.037037037037037035,YELLOW,Extra water stations; increased medical presence
2025-06-06 09:00:00,HARAM,19.065703619512767,19.934296380487233,3.1,1.1528349192530498,0.07641745962652491,9,0.8261333512679677,2.9815529375788863,0.9415954274861388,0.029386072537623778,3.909937103991788e-05,0.09170095155182989,19.524538570972492,18.38421624220445,19.5091179344925,0.10714285714285714,0.03571428571428571,GREEN,Normal operations
2025-06-06 09:00:00,MINA,19.065703619512767,19.934296380487233,3.1,2.5283491925304977,0.7641745962652489,9,0.8261333512679677,1.9155293757888643,0.9516404206850977,0.029386072537623778,0.0027704924894889765,0.9170095155182986,20.76658334209167,19.762320107860255,21.054808720399656,0.1111111111111111,0.044444444444444446,GREEN,Normal operations
2025-06-06 09:00:00,ARAFAT,19.065703619512767,19.934296380487233,3.1,1.0,0.0,9,0.8261333512679677,3.1,0.9406368490492585,0.029386072537623778,2.4345245520452264e-05,0.0,21.584161490868567,20.302857654140958,21.08782850690516,0.10638297872340426,0.0425531914893617,GREEN,Normal operations
2025-06-06 09:00:00,MUZDALIFAH,19.065703619512767,19.934296380487233,3.1,1.0305669838506097,0.01528349192530487,9,0.8261333512679677,3.0763105875157777,0.9408265621875418,0.029386072537623778,2.6764896581878174e-05,0.018340190310365843,21.207092925677713,19.9521963312571,21.160599009462253,0.1111111111111111,0.037037037037037035,GREEN,Normal operations
2025-06-06 12:00:00,HARAM,19.814769671507293,23.785230328492705,3.1,1.4951851383798813,0.24759256918994066,12,0.91,2.7162315177555922,0.943839413532954,0.029386072537623778,0.00011299004167969999,0.29711108302792877,20.513371860539024,19.36132886643455,20.60338028576425,0.10714285714285714,0.03571428571428571,GREEN,Normal operations
2025-06-06 12:00:00,MINA,19.814769671507293,23.785230328492705,3.1,2.32049370234635,0.6602468511731749,12,0.91,2.076617380681579,0.9499209121018259,0.029386072537623778,0.0014569124033231905,0.7922962214078099,21.465934296755513,20.390939886291864,21.81206570901051,0.1111111111111111,0.044444444444444446,GREEN,Normal operations
2025-06-06 12:00:00,ARAFAT,19.814769671507293,23.785230328492705,3.1,1.0,0.0,12,0.91,3.1,0.9406368490492585,0.029386072537623778,2.4345245520452264e-05,0.0,22.58590838203481,21.24513769339246,22.109796498074623,0.10638297872340426,0.0425531914893617,GREEN,Normal operations
2025-06-06 12:00:00,MUZDALIFAH,19.814769671507293,23.785230328492705,3.1,1.0,0.0,12,0.91,3.1,0.9406368490492585,0.029386072537623778,2.4345245520452264e-05,0.0,22.15035621744019,20.83544127769159,22.16624906686902,0.1111111111111111,0.037037037037037035,GREEN,Normal operations
2025-06-06 15:00:00,HARAM,18.729767341287435,26.370232658712567,5.7,2.1469843254572085,0.5734921627286043,15,1.0465874281184537,4.065547336223478,0.9336271310569817,0.14200520216965906,5.117991694840997e-07,0.6881905952743251,19.987790239550556,18.661143257520333,20.074165673475655,0.10714285714285714,0.03571428571428571,GREEN,Normal operations
2025-06-06 15:00:00,MINA,18.729767341287435,26.370232658712567,5.7,1.885960910961465,0.4429804554807325,15,1.0465874281184537,4.437505701879912,0.9312376244621325,0.14200520216965906,1.1559576650259814e-07,0.531576546576879,20.35565798978655,18.955954590772457,20.558239409566934,0.1111111111111111,0.044444444444444446,GREEN,Normal operations
2025-06-06 15:00:00,ARAFAT,18.729767341287435,26.370232658712567,5.7,1.0,0.0,15,1.0465874281184537,5.7,0.9240672690807104,0.14200520216965906,7.409088169592379e-10,0.0,22.025023492003424,20.352603309694096,21.329526657312865,0.10638297872340426,0.0425531914893617,GREEN,Normal operations
2025-06-06 15:00:00,MUZDALIFAH,18.729767341287435,26.370232658712567,5.7,1.0,0.0,15,1.0465874281184537,5.7,0.9240672690807104,0.14200520216965906,7.409088169592379e-10,0.0,21.52409665710836,19.88971321736337,21.393308847686296,0.1111111111111111,0.037037037037037035,GREEN,Normal operations
2025-06-06 18:00:00,HARAM,18.979351345854063,22.170648654145936,3.5999999999999996,3.0,1.0,18,1.155884572681199,1.7999999999999998,0.9529313624423154,0.040424129788330765,0.004389039119560327,1.2,20.696669859986713,19.722505807695942,21.31536051012578,0.10714285714285714,0.03571428571428571,GREEN,Normal operations
2025-06-06 18:00:00,MINA,18.979351345854063,22.170648654145936,3.5999999999999996,1.2751028546554894,0.13755142732774472,18,1.155884572681199,3.352407430810059,0.9386739859952783,0.040424129788330765,8.870455920465108e-06,0.16506171279329365,20.236606286906753,18.995575886347865,20.779321587769957,0.1111111111111111,0.044444444444444446,GREEN,Normal operations
2025-06-06 18:00:00,ARAFAT,18.979351345854063,22.170648654145936,3.5999999999999996,1.0,0.0,18,1.155884572681199,3.5999999999999996,0.9368443361476695,0.040424129788330765,3.2948573958661087e-06,0.0,22.50131169927671,21.080226421360678,22.175044124559523,0.10638297872340426,0.0425531914893617,GREEN,Normal operations
2025-06-06 18:00:00,MUZDALIFAH,18.979351345854063,22.170648654145936,3.5999999999999996,1.0,0.0,18,1.155884572681199,3.5999999999999996,0.9368443361476695,0.040424129788330765,3.2948573958661087e-06,0.0,21.941088880610298,20.555384846712375,22.246461227873393,0.1111111111111111,0.037037037037037035,GREEN,Normal operations
2025-06-06 21:00:00,HARAM,18.21616350575153,19.28383649424847,1.0,2.6442066341922925,0.8221033170961463,21,1.1738666487320324,0.5889483414519269,0.9715425647781086,0.0074527674760533485,0.32958260281184026,0.9865239805153755,20.019578959158867,19.449873087759062,21.099100977571254,0.10714285714285714,0.03571428571428571,GREEN,Normal operations
2025-06-06 21:00:00,MINA,18.21616350575153,19.28383649424847,1.0,1.5544793718047423,0.27723968590237114,21,1.1738666487320324,0.8613801570488144,0.9661176430025005,0.0074527674760533485,0.15255352250546128,0.33268762308284533,19.776979862275727,19.10688917024974,20.971346579589547,0.1111111111111111,0.044444444444444446,GREEN,Normal operations
2025-06-06 21:00:00,ARAFAT,18.21616350575153,19.28383649424847,1.0,1.0,0.0,21,1.1738666487320324,1.0,0.9637461506155964,0.0074527674760533485,0.09536233761769404,0.0,21.85301868827636,21.06076264015703,22.206134558096743,0.10638297872340426,0.0425531914893617,GREEN,Normal operations
2025-06-06 21:00:00,MUZDALIFAH,18.21616350575153,19.28383649424847,1.0,1.0,0.0,21,1.1738666487320324,1.0,0.9637461506155964,0.0074527674760533485,0.09536233761769404,0.0,21.28429502982826,20.512657403563654,22.280745367014728,0.1111111111111111,0.037037037037037035,GREEN,Normal operations
2025-06-07 00:00:00,HARAM,18.908305353831,16.341694646169,1.55,2.5474535574371284,0.7737267787185642,0,1.09,0.9503617464931128,0.9645713753452082,0.010709534262131823,0.11334001241486942,0.928472134462277,20.40639992214908,19.68342923875169,21.20384002421503,0.10714285714285714,0.03571428571428571,GREEN,Normal operations
2025-06-07 00:00:00,MINA,18.908305353831,16.341694646169,1.55,1.6189814229748516,0.3094907114874258,0,1.09,1.3101446985972451,0.9590779385492952,0.010709534262131823,0.03013352375310805,0.37138885378491093,20.31234793222502,19.481124781934408,21.199761511764773,0.1111111111111111,0.044444444444444446,GREEN,Normal operations
2025-06-07 00:00:00,ARAFAT,18.908305353831,16.341694646169,1.55,1.0,0.0,0,1.09,1.55,0.9559163077628435,0.010709534262131823,0.011819225354618445,0.0,22.214882288273433,21.235568254392533,22.28808195172054,0.10638297872340426,0.0425531914893617,GREEN,Normal operations
2025-06-07 00:00:00,MUZDALIFAH,18.908305353831,16.341694646169,1.55,1.0,0.0,0,1.09,1.55,0.9559163077628435,0.010709534262131823,0.011819225354618445,0.0,21.690909400218423,20.734694025875154,22.35679934820538,0.1111111111111111,0.037037037037037035,GREEN,Normal operations
2025-06-07 03:00:00,HARAM,15.512884362591905,16.087115637408097,0.0,2.5474535574371284,0.7737267787185642,3,0.9534125718815463,0.0,1.0,0.003843802309727615,0.7046376623823059,0.928472134462277,17.53957630332954,17.53957630332954,18.918311772931748,0.10714285714285714,0.03571428571428571,GREEN,Normal operations
2025-06-07 03:00:00,MINA,15.512884362591905,16.087115637408097,0.0,1.6189814229748516,0.3094907114874258,3,0.9534125718815463,0.0,1.0,0.003843802309727615,0.7046376623823059,0.37138885378491093,17.460281982405373,17.460281982405373,19.027699024152174,0.1111111111111111,0.044444444444444446,GREEN,Normal operations
2025-06-07 03:00:00,ARAFAT,15.512884362591905,16.087115637408097,0.0,1.0,0.0,3,0.9534125718815463,0.0,1.0,0.003843802309727615,0.7046376623823059,0.0,19.093891347048576,19.093891347048576,20.05697112097085,0.10638297872340426,0.0425531914893617,GREEN,Normal operations
2025-06-07 03:00:00,MUZDALIFAH,15.512884362591905,16.087115637408097,0.0,1.0,0.0,3,0.9534125718815463,0.0,1.0,0.003843802309727615,0.7046376623823059,0.0,18.637560677340073,18.637560677340073,20.119849480501145,0.1111111111111111,0.037037037037037035,GREEN,Normal operations
2025-06-07 06:00:00,HARAM,16.580060185884577,15.86993981411542,1.05,2.237962845949703,0.6189814229748516,6,0.844115427318801,0.725034752938203,0.9686826976421596,0.007702947550563608,0.23121754500384087,0.7427777075698219,17.906817971387333,17.346024738710586,18.528476559459936,0.10714285714285714,0.03571428571428571,GREEN,Normal operations
2025-06-07 06:00:00,MINA,16.580060185884577,15.86993981411542,1.05,1.8253085639664688,0.4126542819832344,6,0.844115427318801,0.833356501958802,0.9666241442555192,0.007702947550563608,0.16687458240969888,0.49518513837988126,18.017898711702905,17.416535923482442,18.75795094804064,0.1111111111111111,0.044444444444444446,GREEN,Normal operations
2025-06-07 06:00:00,ARAFAT,16.580060185884577,15.86993981411542,1.05,1.0,0.0,6,0.844115427318801,1.05,0.9629393997865796,0.007702947550563608,0.07980039129574812,0.0,19.210788963656125,18.498825594089677,19.319899371286233,0.10638297872340426,0.0425531914893617,GREEN,Normal operations
2025-06-07 06:00:00,MUZDALIFAH,16.580060185884577,15.86993981411542,1.05,1.0,0.0,6,0.844115427318801,1.05,0.9629393997865796,0.007702947550563608,0.07980039129574812,0.0,18.80677104987984,18.109780826694912,19.373506324273315,0.1111111111111111,0.037037037037037035,GREEN,Normal operations
2025-06-07 09:00:00,HARAM,17.119622943079936,23.130377056920064,0.0,1.8738561265527314,0.4369280632763657,9,0.8261333512679677,0.0,1.0,0.003843802309727615,0.7046376623823059,0.5243136759316388,18.690126911702837,18.690126911702837,19.88480315953818,0.10714285714285714,0.03571428571428571,GREEN,Normal operations
2025-06-07 09:00:00,MINA,17.119622943079936,23.130377056920064,0.0,2.068046376897783,0.5340231884488915,9,0.8261333512679677,0.0,1.0,0.003843802309727615,0.7046376623823059,0.6408278261386698,19.22064587594413,19.22064587594413,20.57881497473979,0.1111111111111111,0.044444444444444446,GREEN,Normal operations
2025-06-07 09:00:00,ARAFAT,17.119622943079936,23.130377056920064,0.0,1.0,0.0,9,0.8261333512679677,0.0,1.0,0.003843802309727615,0.7046376623823059,0.0,20.317151861344627,20.317151861344627,21.151661856947722,0.10638297872340426,0.0425531914893617,GREEN,Normal operations
2025-06-07 09:00:00,MUZDALIFAH,17.119622943079936,23.130377056920064,0.0,1.0,0.0,9,0.8261333512679677,0.0,1.0,0.003843802309727615,0.7046376623823059,0.0,19.921740686192347,19.921740686192347,21.206146045024326,0.1111111111111111,0.037037037037037035,GREEN,Normal operations
2025-06-07 12:00:00,HARAM,18.928571204234924,24.221428795765075,2.85,2.0037536588781375,0.5018768294390688,12,0.91,2.134825518049327,0.9493207272081582,0.025015840796631047,0.0011547284431752724,0.6022521953268825,19.928986012226115,18.918999493647707,20.168264082222578,0.10714285714285714,0.03571428571428571,GREEN,Normal operations
2025-06-07 12:00:00,MINA,18.928571204234924,24.221428795765075,2.85,1.9814480220141792,0.4907240110070896,12,0.91,2.1507182843148973,0.9491586967607903,0.025015840796631047,0.001083702094259079,0.5888688132085075,20.371564979233785,19.3358480666673,20.755833579819306,0.1111111111111111,0.044444444444444446,GREEN,Normal operations
2025-06-07 12:00:00,ARAFAT,18.928571204234924,24.221428795765075,2.85,1.0,0.0,12,0.91,2.85,0.9426905795056295,0.025015840796631047,6.617377828133312e-05,0.0,21.695381511554213,20.452031769722762,21.318578418925732,0.10638297872340426,0.0425531914893617,GREEN,Normal operations
2025-06-07 12:00:00,MUZDALIFAH,18.928571204234924,24.221428795765075,2.85,1.0,0.0,12,0.91,2.85,0.9426905795056295,0.025015840796631047,6.617377828133312e-05,0.0,21.25982934695959,20.041440847276128,21.375154242895583,0.1111111111111111,0.037037037037037035,GREEN,Normal operations
2025-06-07 15:00:00,HARAM,18.5994366080798,26.850563391920197,3.6,1.8738561265527314,0.4369280632763657,15,1.0465874281184537,2.8135294861025417,0.9430001656782891,0.040424129788330765,7.656601808161002e-05,0.5243136759316388,19.592077568837823,18.475332393395956,19.902540673905623,0.10714285714285714,0.03571428571428571,GREEN,Normal operations
2025-06-07 15:00:00,MINA,18.5994366080798,26.850563391920197,3.6,2.068046376897783,0.5340231884488915,15,1.0465874281184537,2.6387582607919953,0.9445220748649952,0.040424129788330765,0.00015402907889713028,0.6408278261386698,20.233151377242503,19.110658119890623,20.735800126418287,0.1111111111111111,0.044444444444444446,GREEN,Normal operations
2025-06-07 15:00:00,ARAFAT,18.5994366080798,26.850563391920197,3.6,1.0,0.0,15,1.0465874281184537,3.6,0.9368443361476695,0.040424129788330765,3.2948573958661028e-06,0.0,21.79311498053095,20.416756336525346,21.407187591576246,0.10638297872340426,0.0425531914893617,GREEN,Normal operations
2025-06-07 15:00:00,MUZDALIFAH,18.5994366080798,26.850563391920197,3.6,1.0,0.0,15,1.0465874281184537,3.6,0.9368443361476695,0.040424129788330765,3.2948573958661028e-06,0.0,21.292188145635887,19.947465868429525,21.471851697532394,0.1111111111111111,0.037037037037037035,GREEN,Normal operations
2025-06-07 18:00:00,HARAM,19.694556824873754,22.155443175126244,4.15,2.237962845949703,0.6189814229748516,18,1.155884572681199,2.8656135473271833,0.9425588508323732,0.057051801651883186,6.216767093484054e-05,0.7427777075698219,20.966953846991156,19.76258792347539,21.338104646964585,0.10714285714285714,0.03571428571428571,GREEN,Normal operations
2025-06-07 18:00:00,MINA,19.694556824873754,22.155443175126244,4.15,1.8253085639664688,0.4126542819832344,18,1.155884572681199,3.293742364884789,0.9391209862171704,0.057051801651883186,1.1216473281765682e-05,0.49518513837988126,21.298565209393942,20.001929564456756,21.786524692555442,0.1111111111111111,0.044444444444444446,GREEN,Normal operations
2025-06-07 18:00:00,ARAFAT,19.694556824873754,22.155443175126244,4.15,1.0,0.0,18,1.155884572681199,4.15,0.9330714751214778,0.057051801651883186,3.6508194282621165e-07,0.0,23.233141920384497,21.678182003359804,22.7685906549331,0.10638297872340426,0.0425531914893617,GREEN,Normal operations
2025-06-07 18:00:00,MUZDALIFAH,19.694556824873754,22.155443175126244,4.15,1.0,0.0,18,1.155884572681199,4.15,0.9330714751214778,0.057051801651883186,3.6508194282621165e-07,0.0,22.672919101718087,21.15545407155003,22.839720147172958,0.1111111111111111,0.037037037037037035,GREEN,Normal operations
2025-06-07 21:00:00,HARAM,17.526505186908185,20.073494813091816,1.5,2.237962845949703,0.6189814229748516,21,1.1738666487320324,1.0357639327688613,0.9631667020914969,0.010362982024556697,0.08398553925163005,0.7427777075698219,18.843487518358256,18.149419728959405,19.78442929541162,0.10714285714285714,0.03571428571428571,GREEN,Normal operations
2025-06-07 21:00:00,MINA,17.526505186908185,20.073494813091816,1.5,1.8253085639664688,0.4126542819832344,21,1.1738666487320324,1.1905092885125743,0.9607895621841651,0.010362982024556697,0.04752834071653894,0.49518513837988126,19.147704091489,18.396914230893664,20.251089269518825,0.1111111111111111,0.044444444444444446,GREEN,Normal operations
2025-06-07 21:00:00,ARAFAT,17.526505186908185,20.073494813091816,1.5,1.0,0.0,21,1.1738666487320324,1.5,0.9565488954649495,0.010362982024556697,0.014388967969673247,0.0,21.085297214333494,20.169117760920884,21.30593604268728,0.10638297872340426,0.0425531914893617,GREEN,Normal operations
2025-06-07 21:00:00,MUZDALIFAH,17.526505186908185,20.073494813091816,1.5,1.0,0.0,21,1.1738666487320324,1.5,0.9565488954649495,0.010362982024556697,0.014388967969673247,0.0,20.5165735558854,19.62510577360756,21.379989658169585,0.1111111111111111,0.037037037037037035,GREEN,Normal operations
2025-06-08 00:00:00,HARAM,17.59836366031277,17.301636339687228,1.3,1.8917652163071281,0.44588260815356406,0,1.09,1.0101763047001835,0.9635800236554604,0.0090840940886237,0.09199595332788929,0.5350591297842768,18.680075724692355,17.99974780868485,19.518595970749033,0.10714285714285714,0.03571428571428571,GREEN,Normal operations
2025-06-08 00:00:00,MINA,17.59836366031277,17.301636339687228,1.3,2.056106983728185,0.5280534918640925,0,1.09,0.9567652302883399,0.9644634920928095,0.0090840940886237,0.11087101880368011,0.6336641902369109,19.34379363003585,18.656382754747018,20.38467022281077,0.1111111111111111,0.044444444444444446,GREEN,Normal operations
2025-06-08 00:00:00,ARAFAT,17.59836366031277,17.301636339687228,1.3,1.0,0.0,0,1.09,1.3,0.9592192656580009,0.0090840940886237,0.031332578237411486,0.0,20.922828507464487,20.069580196418375,21.12573062260865,0.10638297872340426,0.0425531914893617,GREEN,Normal operations
2025-06-08 00:00:00,MUZDALIFAH,17.59836366031277,17.301636339687228,1.3,1.0,0.0,0,1.09,1.3,0.9592192656580009,0.0090840940886237,0.031332578237411486,0.0,20.398855619409485,19.566975307513548,21.194685456895744,0.1111111111111111,0.037037037037037035,GREEN,Normal operations
2025-06-08 03:00:00,HARAM,15.512884362591905,16.087115637408097,0.0,3.0,1.0,3,0.9534125718815463,0.0,1.0,0.003843802309727615,0.7046376623823059,1.2,17.81110416886726,17.81110416886726,19.18983963846947,0.10714285714285714,0.03571428571428571,GREEN,Normal operations
2025-06-08 03:00:00,MINA,15.512884362591905,16.087115637408097,0.0,1.2130726094702473,0.10653630473512365,3,0.9534125718815463,0.0,1.0,0.003843802309727615,0.7046376623823059,0.12784356568214839,17.216736694302607,17.216736694302607,18.78415373604941,0.1111111111111111,0.044444444444444446,GREEN,Normal operations
2025-06-08 03:00:00,ARAFAT,15.512884362591905,16.087115637408097,0.0,1.0,0.0,3,0.9534125718815463,0.0,1.0,0.003843802309727615,0.7046376623823059,0.0,19.093891347048576,19.093891347048576,20.05697112097085,0.10638297872340426,0.0425531914893617,GREEN,Normal operations
2025-06-08 03:00:00,MUZDALIFAH,15.512884362591905,16.087115637408097,0.0,1.0,0.0,3,0.9534125718815463,0.0,1.0,0.003843802309727615,0.7046376623823059,0.0,18.637560677340073,18.637560677340073,20.119849480501145,0.1111111111111111,0.037037037037037035,GREEN,Normal operations
2025-06-08 06:00:00,HARAM,16.74556467069965,13.704435329300347,0.0,2.3903003490256682,0.6951501745128341,6,0.844115427318801,0.0,1.0,0.003843802309727615,0.7046376623823059,0.8341802094154009,18.63328593018562,18.63328593018562,19.853966162863994,0.10714285714285714,0.03571428571428571,GREEN,Normal operations
2025-06-08 06:00:00,MINA,16.74556467069965,13.704435329300347,0.0,1.7237502285824917,0.36187511429124586,6,0.844115427318801,0.0,1.0,0.003843802309727615,0.7046376623823059,0.434250137149495,18.65637213001937,18.65637213001937,20.04410388959727,0.1111111111111111,0.044444444444444446,GREEN,Normal operations
2025-06-08 06:00:00,ARAFAT,16.74556467069965,13.704435329300347,0.0,1.0,0.0,6,0.844115427318801,0.0,1.0,0.003843802309727615,0.7046376623823059,0.0,19.997271574316922,19.997271574316922,20.849945976650584,0.10638297872340426,0.0425531914893617,GREEN,Normal operations
2025-06-08 06:00:00,MUZDALIFAH,16.74556467069965,13.704435329300347,0.0,1.0,0.0,6,0.844115427318801,0.0,1.0,0.003843802309727615,0.7046376623823059,0.0,19.593253660540636,19.593253660540636,20.905616097739163,0.1111111111111111,0.037037037037037035,GREEN,Normal operations
2025-06-08 09:00:00,HARAM,27.293953515769534,11.156046484230465,0.0,1.7737267787185642,0.3868633893592821,9,0.8261333512679677,0.0,1.0,0.003843802309727615,0.7046376623823059,0.4642360672311385,28.80437987569194,28.80437987569194,29.99905612352728,0.10714285714285714,0.03571428571428571,RED,Suspend outdoor rituals for elderly/medically vulnerable
2025-06-08 09:00:00,MINA,27.293953515769534,11.156046484230465,0.0,2.1347992754538945,0.5673996377269472,9,0.8261333512679677,0.0,1.0,0.003843802309727615,0.7046376623823059,0.6808795652723366,29.435028187767404,29.435028187767404,30.793197286563057,0.1111111111111111,0.044444444444444446,RED,Suspend outdoor rituals for elderly/medically vulnerable
2025-06-08 09:00:00,ARAFAT,27.293953515769534,11.156046484230465,0.0,1.0,0.0,9,0.8261333512679677,0.0,1.0,0.003843802309727615,0.7046376623823059,0.0,30.49148243403422,30.49148243403422,31.32599242963732,0.10638297872340426,0.0425531914893617,BLACK,Complete suspension of outdoor activities
2025-06-08 09:00:00,MUZDALIFAH,27.293953515769534,11.156046484230465,0.0,1.0,0.0,9,0.8261333512679677,0.0,1.0,0.003843802309727615,0.7046376623823059,0.0,30.096071258881942,30.096071258881942,31.380476617713924,0.1111111111111111,0.037037037037037035,BLACK,Complete suspension of outdoor activities
2025-06-08 12:00:00,HARAM,19.42500100262444,22.97499899737556,2.35,2.3169817510103226,0.6584908755051613,12,0.91,1.5762732212814357,0.9555890017464761,0.018084938255745836,0.010655855136481006,0.7901890506061935,20.61592289004736,19.700349174582687,20.957862538505815,0.10714285714285714,0.03571428571428571,GREEN,Normal operations
2025-06-08 12:00:00,MINA,19.42500100262444,22.97499899737556,2.35,1.7726292939260557,0.38631464696302786,12,0.91,1.8960802898184423,0.9518542082002696,0.018084938255745836,0.002993793483508302,0.4635775763556334,20.737682729618793,19.7392505745097,21.163268698022506,0.1111111111111111,0.044444444444444446,GREEN,Normal operations
2025-06-08 12:00:00,ARAFAT,19.42500100262444,22.97499899737556,2.35,1.0,0.0,12,0.91,2.35,0.9471898385338984,0.018084938255745836,0.0004887034875475209,0.0,22.185302937112112,21.01369350682884,21.884375996486362,0.10638297872340426,0.0425531914893617,GREEN,Normal operations
2025-06-08 12:00:00,MUZDALIFAH,19.42500100262444,22.97499899737556,2.35,1.0,0.0,12,0.91,2.35,0.9471898385338984,0.018084938255745836,0.0004887034875475209,0.0,21.749750772517487,20.601142922373374,21.941221844674462,0.1111111111111111,0.037037037037037035,GREEN,Normal operations
2025-06-08 18:00:00,HARAM,19.750416485456576,22.249583514543424,1.55,2.904558224538005,0.9522791122690024,18,1.155884572681199,0.8119836879915232,0.9670172485062696,0.010709534262131823,0.17844627830130333,1.1427349347228029,21.554812577967574,20.84387555121454,22.46027525461628,0.10714285714285714,0.03571428571428571,GREEN,Normal operations
2025-06-08 18:00:00,MINA,19.750416485456576,22.249583514543424,1.55,1.3809116449076009,0.19045582245380044,18,1.155884572681199,1.4023967375983046,0.9578226131188886,0.010709534262131823,0.021079931669125165,0.22854698694456052,21.06251316634754,20.174151399841993,21.994284901319773,0.1111111111111111,0.044444444444444446,GREEN,Normal operations
2025-06-08 18:00:00,ARAFAT,19.750416485456576,22.249583514543424,1.55,1.0,0.0,18,1.155884572681199,1.55,0.9559163077628435,0.010709534262131823,0.011819225354618445,0.0,23.25447817385024,22.22933491489856,23.346440560024938,0.10638297872340426,0.0425531914893617,GREEN,Normal operations
2025-06-08 18:00:00,MUZDALIFAH,19.750416485456576,22.249583514543424,1.55,1.0,0.0,18,1.155884572681199,1.55,0.9559163077628435,0.010709534262131823,0.011819225354618445,0.0,22.69425535518383,21.693808786554467,23.41931154944847,0.1111111111111111,0.037037037037037035,GREEN,Normal operations
2025-06-08 21:00:00,HARAM,19.216591537657877,17.733408462342126,0.0,2.490098556239663,0.7450492781198315,21,1.1738666487320324,0.0,1.0,0.003843802309727615,0.7046376623823059,0.8940591337437978,21.298988238697774,21.298988238697774,22.996523632001782,0.10714285714285714,0.03571428571428571,GREEN,Normal operations
2025-06-08 21:00:00,MINA,19.216591537657877,17.733408462342126,0.0,1.657218090439829,0.3286090452199145,21,1.1738666487320324,0.0,1.0,0.003843802309727615,0.7046376623823059,0.3943308542638974,21.387526300073645,21.387526300073645,23.317371410391107,0.1111111111111111,0.044444444444444446,GREEN,Normal operations
2025-06-08 21:00:00,ARAFAT,19.216591537657877,17.733408462342126,0.0,1.0,0.0,21,1.1738666487320324,0.0,1.0,0.003843802309727615,0.7046376623823059,0.0,23.459113079780995,23.459113079780995,24.647571178636277,0.10638297872340426,0.0425531914893617,GREEN,Normal operations
2025-06-08 21:00:00,MUZDALIFAH,19.216591537657877,17.733408462342126,0.0,1.0,0.0,21,1.1738666487320324,0.0,1.0,0.003843802309727615,0.7046376623823059,0.0,22.890389421332888,22.890389421332888,24.724988669611808,0.1111111111111111,0.037037037037037035,GREEN,Normal operations
2025-06-09 00:00:00,HARAM,20.51714060598084,13.682859394019165,1.05,2.650617127932937,0.8253085639664686,0,1.09,0.616713003917604,0.9709301874724616,0.007702947550563608,0.3082892795188213,0.9903702767597622,22.26907599698878,21.62171813259481,23.15215202965791,0.10714285714285714,0.03571428571428571,GREEN,Normal operations
2025-06-09 00:00:00,MINA,20.51714060598084,13.682859394019165,1.05,1.550205709310979,0.27510285465548945,0,1.09,0.9055710013058681,0.9653384157129401,0.007702947550563608,0.13191209502107196,0.3301234255865873,21.978689740732932,21.216873533765373,22.946728836734827,0.1111111111111111,0.044444444444444446,GREEN,Normal operations
2025-06-09 00:00:00,ARAFAT,20.51714060598084,13.682859394019165,1.05,1.0,0.0,0,1.09,1.05,0.9629393997865796,0.007702947550563608,0.07980039129574812,0.0,23.888692119652834,23.003362851384892,24.063609339222435,0.10638297872340426,0.0425531914893617,GREEN,Normal operations
2025-06-09 00:00:00,MUZDALIFAH,20.51714060598084,13.682859394019165,1.05,1.0,0.0,0,1.09,1.05,0.9629393997865796,0.007702947550563608,0.07980039129574812,0.0,23.364719231597828,22.49880871305676,24.132831600615667,0.1111111111111111,0.037037037037037035,GREEN,Normal operations
2025-06-09 03:00:00,HARAM,19.20003603517383,12.849963964826172,1.05,2.650617127932937,0.8253085639664686,3,0.9534125718815463,0.616713003917604,0.9709301874724616,0.007702947550563608,0.3082892795188213,0.9903702767597622,20.8961368805863,20.288690098917876,21.627345986893676,0.10714285714285714,0.03571428571428571,GREEN,Normal operations
2025-06-09 03:00:00,MINA,19.20003603517383,12.849963964826172,1.05,1.550205709310979,0.27510285465548945,3,0.9534125718815463,0.9055710013058681,0.9653384157129401,0.007702947550563608,0.13191209502107196,0.3301234255865873,20.537301804668573,19.82544638713727,21.338534270978588,0.1111111111111111,0.044444444444444446,GREEN,Normal operations
2025-06-09 03:00:00,ARAFAT,19.20003603517383,12.849963964826172,1.05,1.0,0.0,3,0.9534125718815463,1.05,0.9629393997865796,0.007702947550563608,0.07980039129574812,0.0,22.160064893784774,21.33879958805277,22.26618704750008,0.10638297872340426,0.0425531914893617,GREEN,Normal operations
2025-06-09 03:00:00,MUZDALIFAH,19.20003603517383,12.849963964826172,1.05,1.0,0.0,3,0.9534125718815463,1.05,0.9629393997865796,0.007702947550563608,0.07980039129574812,0.0,21.70373422407627,20.89938080685945,22.32673509728574,0.1111111111111111,0.037037037037037035,GREEN,Normal operations
2025-06-09 06:00:00,HARAM,18.777222153411543,10.272777846588454,1.05,2.2435256315154546,0.6217628157577273,6,0.844115427318801,0.7235745217271932,0.9687116423283268,0.007702947550563608,0.2321789201407068,0.7461153789092727,20.108278985390623,19.479123960333933,20.661611113289524,0.10714285714285714,0.03571428571428571,GREEN,Normal operations
2025-06-09 06:00:00,MINA,18.777222153411543,10.272777846588454,1.05,1.8216000402559673,0.41080002012798367,6,0.844115427318801,0.8343299894328086,0.9666063818017211,0.007702947550563608,0.16636090881634724,0.49296002415358037,20.21232189141022,19.537359331267755,20.878749706304685,0.1111111111111111,0.044444444444444446,GREEN,Normal operations
2025-06-09 06:00:00,ARAFAT,18.777222153411543,10.272777846588454,1.05,1.0,0.0,6,0.844115427318801,1.05,0.9629393997865796,0.007702947550563608,0.07980039129574812,0.0,21.407950931183098,20.614559420333993,21.43563319753055,0.10638297872340426,0.0425531914893617,GREEN,Normal operations
2025-06-09 06:00:00,MUZDALIFAH,18.777222153411543,10.272777846588454,1.05,1.0,0.0,6,0.844115427318801,1.05,0.9629393997865796,0.007702947550563608,0.07980039129574812,0.0,21.003933017406805,20.225514652939232,21.48924015051763,0.1111111111111111,0.037037037037037035,GREEN,Normal operations
2025-06-09 09:00:00,HARAM,20.802278412840078,15.697721587159922,0.0,2.1666165646225988,0.5833082823112994,9,0.8261333512679677,0.0,1.0,0.003843802309727615,0.7046376623823059,0.6999699387735593,22.548438644304905,22.548438644304905,23.743114892140245,0.10714285714285714,0.03571428571428571,GREEN,Normal operations
2025-06-09 09:00:00,MINA,20.802278412840078,15.697721587159922,0.0,1.872872751517871,0.43643637575893546,9,0.8261333512679677,0.0,1.0,0.003843802309727615,0.7046376623823059,0.5237236509107225,22.786197170476328,22.786197170476328,24.144366269271984,0.1111111111111111,0.044444444444444446,GREEN,Normal operations
2025-06-09 09:00:00,ARAFAT,20.802278412840078,15.697721587159922,0.0,1.0,0.0,9,0.8261333512679677,0.0,1.0,0.003843802309727615,0.7046376623823059,0.0,23.999807331104765,23.999807331104765,24.834317326707865,0.10638297872340426,0.0425531914893617,GREEN,Normal operations
2025-06-09 09:00:00,MUZDALIFAH,20.802278412840078,15.697721587159922,0.0,1.0,0.0,9,0.8261333512679677,0.0,1.0,0.003843802309727615,0.7046376623823059,0.0,23.604396155952486,23.604396155952486,24.88880151478447,0.1111111111111111,0.037037037037037035,GREEN,Normal operations
2025-06-09 12:00:00,HARAM,21.441889875718324,20.358110124281676,1.3,3.0,1.0,12,0.91,0.65,0.9702166796416143,0.0090840940886237,0.28347495501936365,1.2,23.306440968250808,22.612297770479596,23.8890605192352,0.10714285714285714,0.03571428571428571,GREEN,Normal operations
2025-06-09 12:00:00,MINA,21.441889875718324,20.358110124281676,1.3,1.2314004992684464,0.1157002496342232,12,0.91,1.2247948377377549,0.9602886845129307,0.0090840940886237,0.0417553164820463,0.13884029956106783,22.45959500474953,21.567694941804113,23.004331433789833,0.1111111111111111,0.044444444444444446,GREEN,Normal operations
2025-06-09 12:00:00,ARAFAT,21.441889875718324,20.358110124281676,1.3,1.0,0.0,12,0.91,1.3,0.9592192656580009,0.0090840940886237,0.031332578237411486,0.0,24.224034840788736,23.236160911255197,24.11790117532231,0.10638297872340426,0.0425531914893617,YELLOW,Extra water stations; increased medical presence
2025-06-09 12:00:00,MUZDALIFAH,21.441889875718324,20.358110124281676,1.3,1.0,0.0,12,0.91,1.3,0.9592192656580009,0.0090840940886237,0.031332578237411486,0.0,23.788482676194107,22.81837088377699,24.175468972754654,0.1111111111111111,0.037037037037037035,GREEN,Normal operations
2025-06-09 15:00:00,HARAM,18.696391694254324,26.303608305745676,2.1,2.650617127932937,0.8253085639664686,15,1.0465874281184537,1.233426007835208,0.9601639436585896,0.015361882538247369,0.0404099042161326,0.9903702767597622,20.17036034678844,19.366852735587226,20.82003798508363,0.10714285714285714,0.03571428571428571,GREEN,Normal operations
2025-06-09 15:00:00,MINA,18.696391694254324,26.303608305745676,2.1,1.550205709310979,0.27510285465548945,15,1.0465874281184537,1.8111420026117362,0.9528046051364715,0.015361882538247369,0.004198727430550701,0.3301234255865873,19.99838451396652,19.054552860197195,20.69394576484859,0.1111111111111111,0.044444444444444446,GREEN,Normal operations
2025-06-09 15:00:00,ARAFAT,18.696391694254324,26.303608305745676,2.1,1.0,0.0,15,1.0465874281184537,2.1,0.949678525608133,0.015361882538247369,0.0013270408641395373,0.0,21.866331565462133,20.76598552154666,21.76998507378891,0.10638297872340426,0.0425531914893617,GREEN,Normal operations
2025-06-09 15:00:00,MUZDALIFAH,18.696391694254324,26.303608305745676,2.1,1.0,0.0,15,1.0465874281184537,2.1,0.949678525608133,0.015361882538247369,0.0013270408641395373,0.0,21.365404730567068,20.290266063545968,21.83553503810499,0.1111111111111111,0.037037037037037035,GREEN,Normal operations
2025-06-09 18:00:00,HARAM,19.914469648800868,22.835530351199132,3.5999999999999996,2.650617127932937,0.8253085639664686,18,1.155884572681199,2.1144445848603564,0.9495296601406257,0.040424129788330765,0.0012526563050818441,0.9903702767597622,21.4190220568788,20.337996734212698,21.925165384403027,0.10714285714285714,0.03571428571428571,GREEN,Normal operations
2025-06-09 18:00:00,MINA,19.914469648800868,22.835530351199132,3.5999999999999996,1.550205709310979,0.27510285465548945,18,1.155884572681199,3.1048148616201185,0.9405984098620278,0.040424129788330765,2.3880869728123632e-05,0.3301234255865873,21.336801313060658,20.069361386606886,21.85676403692842,0.1111111111111111,0.044444444444444446,GREEN,Normal operations
2025-06-09 18:00:00,ARAFAT,19.914469648800868,22.835530351199132,3.5999999999999996,1.0,0.0,18,1.155884572681199,3.5999999999999996,0.9368443361476695,0.040424129788330765,3.2948573958661087e-06,0.0,23.43643000222351,21.95628670710441,23.051104410303257,0.10638297872340426,0.0425531914893617,GREEN,Normal operations
2025-06-09 18:00:00,MUZDALIFAH,19.914469648800868,22.835530351199132,3.5999999999999996,1.0,0.0,18,1.155884572681199,3.5999999999999996,0.9368443361476695,0.040424129788330765,3.2948573958661087e-06,0.0,22.876207183557106,21.43144513245611,23.122521513617126,0.1111111111111111,0.037037037037037035,GREEN,Normal operations
2025-06-09 21:00:00,HARAM,19.390045730101576,18.109954269898424,1.5,2.650617127932937,0.8253085639664686,21,1.1738666487320324,0.8810185770251486,0.9657684917392775,0.010362982024556697,0.14308987213799423,0.9903702767597622,21.013724963627947,20.29439346394697,21.933819660412226,0.10714285714285714,0.03571428571428571,GREEN,Normal operations
2025-06-09 21:00:00,MINA,19.390045730101576,18.109954269898424,1.5,1.550205709310979,0.27510285465548945,21,1.1738666487320324,1.293672859008383,0.9593077530722275,0.010362982024556697,0.03210345266625391,0.3301234255865873,20.830758033838812,19.98310768423316,21.834423060789227,0.1111111111111111,0.044444444444444446,GREEN,Normal operations
2025-06-09 21:00:00,ARAFAT,19.390045730101576,18.109954269898424,1.5,1.0,0.0,21,1.1738666487320324,1.5,0.9565488954649495,0.010362982024556697,0.014388967969673247,0.0,22.94883775752689,21.951685409166675,23.08850369093307,0.10638297872340426,0.0425531914893617,GREEN,Normal operations
2025-06-09 21:00:00,MUZDALIFAH,19.390045730101576,18.109954269898424,1.5,1.0,0.0,21,1.1738666487320324,1.5,0.9565488954649495,0.010362982024556697,0.014388967969673247,0.0,22.38011409907877,21.407673421853353,23.162557306415376,0.1111111111111111,0.037037037037037035,GREEN,Normal operations
